"File","Import","Package"
"src\server\pdf\developer-payment-receipt-pdf.tsx","@react-pdf/renderer","@react-pdf/renderer"
"src\server\pdf\developer-sale-document-pdf.tsx","@react-pdf/renderer","@react-pdf/renderer"
"src\server\supabase\browser.ts","@supabase/ssr","@supabase/ssr"
"src\server\supabase\server.ts","@supabase/ssr","@supabase/ssr"
"src\app\dev\buyer\payment\callback\page.tsx","@supabase/supabase-js","@supabase/supabase-js"
"src\server\repositories\developer.repository.ts","@supabase/supabase-js","@supabase/supabase-js"
"src\server\repositories\developer-buyer-purchase-links.repository.ts","@supabase/supabase-js","@supabase/supabase-js"
"src\server\repositories\developer-buyers.repository.ts","@supabase/supabase-js","@supabase/supabase-js"
"src\server\repositories\developer-buyer-sale-access-tokens.repository.ts","@supabase/supabase-js","@supabase/supabase-js"
"src\server\repositories\developer-document-templates.repository.ts","@supabase/supabase-js","@supabase/supabase-js"
"src\server\repositories\developer-estates.repository.ts","@supabase/supabase-js","@supabase/supabase-js"
"src\server\repositories\developer-payment-allocations.repository.ts","@supabase/supabase-js","@supabase/supabase-js"
"src\server\repositories\developer-payment-intents.repository.ts","@supabase/supabase-js","@supabase/supabase-js"
"src\server\repositories\developer-payment-plans.repository.ts","@supabase/supabase-js","@supabase/supabase-js"
"src\server\repositories\developer-paystack-repository.ts","@supabase/supabase-js","@supabase/supabase-js"
"src\server\repositories\developer-plot-assignments.repository.ts","@supabase/supabase-js","@supabase/supabase-js"
"src\server\repositories\developer-plots.repository.ts","@supabase/supabase-js","@supabase/supabase-js"
"src\server\repositories\developer-sale-documents.repository.ts","@supabase/supabase-js","@supabase/supabase-js"
"src\server\repositories\developer-sale-ledger.repository.ts","@supabase/supabase-js","@supabase/supabase-js"
"src\server\repositories\developer-sale-payments.repository.ts","@supabase/supabase-js","@supabase/supabase-js"
"src\server\repositories\developer-sales.repository.ts","@supabase/supabase-js","@supabase/supabase-js"
"src\server\repositories\developer-staff.repository.ts","@supabase/supabase-js","@supabase/supabase-js"
"src\server\repositories\gateway-payment.repository.ts","@supabase/supabase-js","@supabase/supabase-js"
"src\server\repositories\gateway-payment-event.repository.ts","@supabase/supabase-js","@supabase/supabase-js"
"src\server\repositories\profiles.repository.ts","@supabase/supabase-js","@supabase/supabase-js"
"src\server\services\developer-buyer-portal.service.ts","@supabase/supabase-js","@supabase/supabase-js"
"src\server\services\developer-buyer-purchase.service.ts","@supabase/supabase-js","@supabase/supabase-js"
"src\server\services\developer-document-autofill.service.ts","@supabase/supabase-js","@supabase/supabase-js"
"src\server\services\developer-payment.service.ts","@supabase/supabase-js","@supabase/supabase-js"
"src\server\services\developer-payment-receipts.service.ts","@supabase/supabase-js","@supabase/supabase-js"
"src\server\services\developer-payout.service.ts","@supabase/supabase-js","@supabase/supabase-js"
"src\server\services\developer-staff.service.ts","@supabase/supabase-js","@supabase/supabase-js"
"src\server\supabase\admin.ts","@supabase/supabase-js","@supabase/supabase-js"
"src\lib\cn.ts","clsx","clsx"
"src\app\api\inngest\route.ts","inngest/next","inngest"
"src\server\jobs\inngest.client.ts","inngest","inngest"
"src\server\jobs\receipt.jobs.ts","inngest","inngest"
"src\app\dev\buyer\payment\callback\page.tsx","lucide-react","lucide-react"
"src\app\developer\(workspace)\estates\page.tsx","lucide-react","lucide-react"
"src\app\developer\(workspace)\page.tsx","lucide-react","lucide-react"
"src\components\developer\developer-3d-showcase.tsx","lucide-react","lucide-react"
"src\components\developer\developer-buyer-sale-portal-view.tsx","lucide-react","lucide-react"
"src\components\developer\developer-estate-action-modal.tsx","lucide-react","lucide-react"
"src\components\developer\developer-estate-workspace.tsx","lucide-react","lucide-react"
"src\components\developer\developer-payment-checkout-status.tsx","lucide-react","lucide-react"
"src\components\developer\developer-payout-setup-form.tsx","lucide-react","lucide-react"
"src\components\developer\developer-plot-overview.tsx","lucide-react","lucide-react"
"src\components\developer\developer-sale-detail.tsx","lucide-react","lucide-react"
"src\components\developer\developer-sales-list.tsx","lucide-react","lucide-react"
"src\components\layout\developer-shell.tsx","lucide-react","lucide-react"
"src\components\ui\toast.tsx","lucide-react","lucide-react"
"src\components\ui\trust-notice.tsx","lucide-react","lucide-react"
"src\components\ui\whatsapp-share-actions.tsx","lucide-react","lucide-react"
"src\actions\developer-auth.actions.ts","next/navigation","next"
"src\actions\developer-buyer-portal.actions.ts","next/navigation","next"
"src\actions\developer-buyer-purchase.actions.ts","next/cache","next"
"src\actions\developer-buyers.actions.ts","next/cache","next"
"src\actions\developer-document-templates.actions.ts","next/cache","next"
"src\actions\developer-estates.actions.ts","next/navigation","next"
"src\actions\developer-payment-plans.actions.ts","next/cache","next"
"src\actions\developer-payments.actions.ts","next/cache","next"
"src\actions\developer-payout.actions.ts","next/cache","next"
"src\actions\developer-plots.actions.ts","next/cache","next"
"src\actions\developer-sale-documents.actions.ts","next/cache","next"
"src\actions\developer-sales.actions.ts","next/cache","next"
"src\actions\developer-staff.actions.ts","next/cache","next"
"src\app\api\webhooks\paystack\route.ts","next/server","next"
"src\app\dev\buyer\payment\callback\page.tsx","next/link","next"
"src\app\developer\(auth)\login\page.tsx","next/link","next"
"src\app\developer\(auth)\register\page.tsx","next/link","next"
"src\app\developer\(workspace)\buyers\new\page.tsx","next/link","next"
"src\app\developer\(workspace)\buyers\page.tsx","next/link","next"
"src\app\developer\(workspace)\estates\new\page.tsx","next/link","next"
"src\app\developer\(workspace)\estates\page.tsx","next/link","next"
"src\app\developer\(workspace)\page.tsx","next/link","next"
"src\app\developer\(workspace)\sales\new\page.tsx","next/link","next"
"src\app\developer\(workspace)\sales\page.tsx","next/link","next"
"src\components\developer\developer-3d-showcase.tsx","next/link","next"
"src\components\developer\developer-buyers-list.tsx","next/link","next"
"src\components\developer\developer-estate-detail.tsx","next/link","next"
"src\components\developer\developer-estate-workspace.tsx","next/link","next"
"src\components\developer\developer-login-form.tsx","next/link","next"
"src\components\developer\developer-payment-checkout-status.tsx","next/link","next"
"src\components\developer\developer-payment-plan-summary.tsx","next/link","next"
"src\components\developer\developer-register-form.tsx","next/link","next"
"src\components\developer\developer-sale-detail.tsx","next/link","next"
"src\components\developer\developer-sales-list.tsx","next/link","next"
"src\components\developer\developer-start-buyer-purchase-form.tsx","next/link","next"
"src\components\layout\developer-shell.tsx","next/navigation","next"
"src\server\services\audit-log.service.ts","next/headers","next"
"src\server\services\auth.service.ts","next/navigation","next"
"src\server\supabase\server.ts","next/headers","next"
"src\components\auth\phone-number-input.tsx","react","react"
"src\components\developer\developer-bulk-plot-form.tsx","react","react"
"src\components\developer\developer-buyer-form.tsx","react","react"
"src\components\developer\developer-buyer-portal-link-form.tsx","react","react"
"src\components\developer\developer-estate-action-modal.tsx","react","react"
"src\components\developer\developer-estate-form.tsx","react","react"
"src\components\developer\developer-estate-workspace.tsx","react","react"
"src\components\developer\developer-login-form.tsx","react","react"
"src\components\developer\developer-money-input.tsx","react","react"
"src\components\developer\developer-payment-plan-form.tsx","react","react"
"src\components\developer\developer-payment-request-form.tsx","react","react"
"src\components\developer\developer-payout-setup-form.tsx","react","react"
"src\components\developer\developer-plot-assignment-form.tsx","react","react"
"src\components\developer\developer-plot-bulk-update-form.tsx","react","react"
"src\components\developer\developer-plot-form.tsx","react","react"
"src\components\developer\developer-plot-grid.tsx","react","react"
"src\components\developer\developer-plot-layout-section.tsx","react","react"
"src\components\developer\developer-plot-overview.tsx","react","react"
"src\components\developer\developer-plot-quick-status-form.tsx","react","react"
"src\components\developer\developer-plot-quick-status-trigger.tsx","react","react"
"src\components\developer\developer-plot-type-form.tsx","react","react"
"src\components\developer\developer-register-form.tsx","react","react"
"src\components\developer\developer-sale-form.tsx","react","react"
"src\components\developer\developer-staff-invite-acceptance-form.tsx","react","react"
"src\components\developer\developer-staff-invite-form.tsx","react","react"
"src\components\developer\developer-staff-role-links.tsx","react","react"
"src\components\developer\developer-start-buyer-purchase-form.tsx","react","react"
"src\components\ui\badge.tsx","react","react"
"src\components\ui\button.tsx","react","react"
"src\components\ui\card.tsx","react","react"
"src\components\ui\currency-input.tsx","react","react"
"src\components\ui\input.tsx","react","react"
"src\components\ui\page-header.tsx","react","react"
"src\components\ui\section-card.tsx","react","react"
"src\components\ui\toast-provider.tsx","react","react"
"src\components\ui\trust-notice.tsx","react","react"
"src\components\developer\developer-staff-invite-form.tsx","react-dom","react-dom"
"src\components\developer\developer-staff-role-links.tsx","react-dom","react-dom"
"src\server\constants\developer-installment-fees.ts","server-only","server-only"
"src\server\services\audit-log.service.ts","server-only","server-only"
"src\server\services\auth.service.ts","server-only","server-only"
"src\server\services\developer-buyer-portal.service.ts","server-only","server-only"
"src\server\services\developer-buyer-purchase.service.ts","server-only","server-only"
"src\server\services\developer-document-autofill.service.ts","server-only","server-only"
"src\server\services\developer-document-templates.service.ts","server-only","server-only"
"src\server\services\developer-payment.service.ts","server-only","server-only"
"src\server\services\developer-payment-receipts.service.ts","server-only","server-only"
"src\server\services\developer-payout.service.ts","server-only","server-only"
"src\server\services\developer-sale-documents.service.ts","server-only","server-only"
"src\server\services\developer-staff.service.ts","server-only","server-only"
"src\server\services\gateway-payment.service.ts","server-only","server-only"
"src\server\services\gateway-payment-idempotency.service.ts","server-only","server-only"
"src\server\services\gateway-payment-webhook.service.ts","server-only","server-only"
"src\server\services\paystack.service.ts","server-only","server-only"
"src\server\services\paystack-verification.service.ts","server-only","server-only"
"src\server\services\storage.service.ts","server-only","server-only"
"src\lib\cn.ts","tailwind-merge","tailwind-merge"
"src\actions\developer-payout.actions.ts","zod","zod"
"src\server\errors\result.ts","zod","zod"
"src\server\services\paystack.service.ts","zod","zod"
"src\server\validators\auth.schema.ts","zod","zod"
"src\server\validators\developer-auth.schema.ts","zod","zod"
"src\server\validators\developer-buyer.schema.ts","zod","zod"
"src\server\validators\developer-buyer-purchase.schema.ts","zod","zod"
"src\server\validators\developer-estate.schema.ts","zod","zod"
"src\server\validators\developer-payment.schema.ts","zod","zod"
"src\server\validators\developer-payment-plan.schema.ts","zod","zod"
"src\server\validators\developer-plot.schema.ts","zod","zod"
"src\server\validators\developer-sale.schema.ts","zod","zod"
"src\server\validators\developer-staff.schema.ts","zod","zod"
